,Unnamed: 0,Unnamed: 0.1,Id,Churn
0,0,0,0,0.04286331413910738
1,1,1,1,0.7393920590636927
2,2,2,2,0.6711148258201859
3,3,3,3,0.01845167435602551
4,4,4,4,0.0054630897881779985
5,5,5,5,0.09259123301091031
6,6,6,6,0.36844261681352114
7,7,7,7,0.2075788242658756
8,8,8,8,0.03542764774655514
9,9,9,9,0.3293250265045507
10,10,10,10,0.2024984941906793
11,11,11,11,0.1650406569310283
12,12,12,12,0.2627605803115087
13,13,13,13,0.1189743887840623
14,14,14,14,0.014005694185176916
15,15,15,15,0.03385119541224894
16,16,16,16,0.16196199054321186
17,17,17,17,0.2534112423600154
18,18,18,18,0.03171608234357108
19,19,19,19,0.026675389769783432
20,20,20,20,0.10323604791940245
21,21,21,21,0.01621047439644145
22,22,22,22,0.860662560277736
23,23,23,23,0.4469197961642197
24,24,24,24,0.13232692130220408
25,25,25,25,0.41150776859885485
26,26,26,26,0.12707969721400494
27,27,27,27,0.023034723218522752
28,28,28,28,0.034846624829717225
29,29,29,29,0.005855107332620646
30,30,30,30,0.6413779561144802
31,31,31,31,0.2900233592308134
32,32,32,32,0.782865592204411
33,33,33,33,0.583404252059603
34,34,34,34,0.08203711723122695
35,35,35,35,0.03440694344219747
36,36,36,36,0.6367667851282055
37,37,37,37,0.051249246759605765
38,38,38,38,0.12846294287955398
39,39,39,39,0.0292396191966505
40,40,40,40,0.2884995494642574
41,41,41,41,0.5248858593628702
42,42,42,42,0.34154764494191286
43,43,43,43,0.1596551059442792
44,44,44,44,0.29005866872103775
45,45,45,45,0.2489436693616647
46,46,46,46,0.14463313615969325
47,47,47,47,0.08249796210567897
48,48,48,48,0.18991964203443198
49,49,49,49,0.29948247526001753
50,50,50,50,0.33174296016253574
51,51,51,51,0.7277313730950906
52,52,52,52,0.2206515729082674
53,53,53,53,0.10410758271684885
54,54,54,54,0.5038603436562886
55,55,55,55,0.013987880527466093
56,56,56,56,0.021292740834519472
57,57,57,57,0.7654461650808374
58,58,58,58,0.7564471062904212
59,59,59,59,0.19393275639985677
60,60,60,60,0.026288798797429548
61,61,61,61,0.6086943395573513
62,62,62,62,0.11941105685761955
63,63,63,63,0.12030030900788134
64,64,64,64,0.7635972569966162
65,65,65,65,0.012432012131172754
66,66,66,66,0.16254697929455597
67,67,67,67,0.43696220395956176
68,68,68,68,0.020148307083164976
69,69,69,69,0.6749936221447372
70,70,70,70,0.5267591166902219
71,71,71,71,0.6605996535119434
72,72,72,72,0.042941019298559535
73,73,73,73,0.48880128859060545
74,74,74,74,0.9067768104212144
75,75,75,75,0.02715338771272106
76,76,76,76,0.11390985852660711
77,77,77,77,0.04181113990073174
78,78,78,78,0.1374354318445857
79,79,79,79,0.02087242171591993
80,80,80,80,0.4107124261770326
81,81,81,81,0.7230022086541951
82,82,82,82,0.7862542268137521
83,83,83,83,0.17104247246380738
84,84,84,84,0.28645993541005144
85,85,85,85,0.05670917947301983
86,86,86,86,0.06864463099806092
87,87,87,87,0.3421408866725505
88,88,88,88,0.23913692082203034
89,89,89,89,0.28645993541005144
90,90,90,90,0.12786820148598987
91,91,91,91,0.08832183391197354
92,92,92,92,0.8914563928011325
93,93,93,93,0.8093502091116298
94,94,94,94,0.006323583880029461
95,95,95,95,0.03653422803568464
96,96,96,96,0.11791191609514236
97,97,97,97,0.7275836913758219
98,98,98,98,0.23539577702398748
99,99,99,99,0.6698987927208073
100,100,100,100,0.025365454326637955
101,101,101,101,0.8470209194581406
102,102,102,102,0.009291690903331293
103,103,103,103,0.5660292200835024
104,104,104,104,0.007423619531261916
105,105,105,105,0.824181364221349
106,106,106,106,0.2677579955925557
107,107,107,107,0.10937271640544331
108,108,108,108,0.012018907622196049
109,109,109,109,0.15552048156562082
110,110,110,110,0.10931322250337328
111,111,111,111,0.07253486030623167
112,112,112,112,0.5665997502514085
113,113,113,113,0.34445127674084913
114,114,114,114,0.010135574580085334
115,115,115,115,0.7955689132560197
116,116,116,116,0.023573017856227844
117,117,117,117,0.012286104803973387
118,118,118,118,0.023015674168517797
119,119,119,119,0.787832907688268
120,120,120,120,0.09905464678818206
121,121,121,121,0.04440698428271799
122,122,122,122,0.23674462879408656
123,123,123,123,0.30239656783196667
124,124,124,124,0.17504178948572446
125,125,125,125,0.204288520414046
126,126,126,126,0.7260453418500136
127,127,127,127,0.18772199228421269
128,128,128,128,0.18353156472964446
129,129,129,129,0.15269039609174134
130,130,130,130,0.09371068069035662
131,131,131,131,0.041151311884531264
132,132,132,132,0.010821775483771853
133,133,133,133,0.036027896922499
134,134,134,134,0.22355506605000783
135,135,135,135,0.05146109057228679
136,136,136,136,0.0635423496644422
137,137,137,137,0.012133820006394163
138,138,138,138,0.042510145989804744
139,139,139,139,0.12788942526177527
140,140,140,140,0.018114946302497142
141,141,141,141,0.013421826930776082
142,142,142,142,0.132456048749492
143,143,143,143,0.09515701893396564
144,144,144,144,0.1949292190061175
145,145,145,145,0.11766847929333753
146,146,146,146,0.24695353722857832
147,147,147,147,0.01256643179835481
148,148,148,148,0.012688172131149226
149,149,149,149,0.709929386708051
150,150,150,150,0.042381235211144605
151,151,151,151,0.563902439415842
152,152,152,152,0.3810808190743998
153,153,153,153,0.02196318903020531
154,154,154,154,0.20473553807226172
155,155,155,155,0.8244318301535538
156,156,156,156,0.02766147702135777
157,157,157,157,0.13206633041775173
158,158,158,158,0.03607257047272922
159,159,159,159,0.09976001728485995
160,160,160,160,0.2096508040321486
161,161,161,161,0.7174775793362516
162,162,162,162,0.08321080535100923
163,163,163,163,0.02274276841597114
164,164,164,164,0.5537534267310766
165,165,165,165,0.08319464765152997
166,166,166,166,0.051271616739382526
167,167,167,167,0.13723427180260628
168,168,168,168,0.02380702591342231
169,169,169,169,0.574825558387165
170,170,170,170,0.8724193377528618
171,171,171,171,0.026797375079665724
172,172,172,172,0.3606467051502259
173,173,173,173,0.321606935446021
174,174,174,174,0.0950572142157495
175,175,175,175,0.5329042506603904
176,176,176,176,0.06245069165157392
177,177,177,177,0.03650425257123918
178,178,178,178,0.025479877663018694
179,179,179,179,0.8478534370887405
180,180,180,180,0.1483784105797822
181,181,181,181,0.08891137591187423
182,182,182,182,0.04839824584658182
183,183,183,183,0.08258637787732723
184,184,184,184,0.11572760373220592
185,185,185,185,0.014768609880269444
186,186,186,186,0.09260720439460778
187,187,187,187,0.012418755461529573
188,188,188,188,0.02583424499100157
189,189,189,189,0.030871360334936298
190,190,190,190,0.01848289754860863
191,191,191,191,0.01162943573235118
192,192,192,192,0.1287402478701673
193,193,193,193,0.04228252006786288
194,194,194,194,0.4764344672400489
195,195,195,195,0.13431792056209388
196,196,196,196,0.03781032232375261
197,197,197,197,0.12518884056219504
198,198,198,198,0.3550902574793637
199,199,199,199,0.5485557496229339
200,200,200,200,0.48879748050669347
201,201,201,201,0.7392885802102763
202,202,202,202,0.15150141787702115
203,203,203,203,0.6892413516352165
204,204,204,204,0.1271307297609525
205,205,205,205,0.0136750618449437
206,206,206,206,0.058689337977611826
207,207,207,207,0.5888364295759019
208,208,208,208,0.7133006611625705
209,209,209,209,0.550050475636559
210,210,210,210,0.25469603600977736
211,211,211,211,0.06433293996009004
212,212,212,212,0.5669541384676047
213,213,213,213,0.020388637254938405
214,214,214,214,0.020043712320346695
215,215,215,215,0.7205421684768306
216,216,216,216,0.8956751704602158
217,217,217,217,0.8182667109893325
218,218,218,218,0.15920849952893973
219,219,219,219,0.557182870881318
220,220,220,220,0.48427309026023535
221,221,221,221,0.030936866497576924
222,222,222,222,0.03861202460090099
223,223,223,223,0.10211650409553895
224,224,224,224,0.014957209895360923
225,225,225,225,0.6564272819152732
226,226,226,226,0.23257524654456274
227,227,227,227,0.05139634811764611
228,228,228,228,0.43920875782420843
229,229,229,229,0.3368645036377113
230,230,230,230,0.009291690903331293
231,231,231,231,0.017144368353208088
232,232,232,232,0.21196843873215093
233,233,233,233,0.010488030365466302
234,234,234,234,0.02144151358633544
235,235,235,235,0.023440513098343673
236,236,236,236,0.7775266093344895
237,237,237,237,0.22267027204788678
238,238,238,238,0.0699288238769293
239,239,239,239,0.3724701681464333
240,240,240,240,0.1289809065779322
241,241,241,241,0.033177206722652036
242,242,242,242,0.1216311778568448
243,243,243,243,0.4404442153193504
244,244,244,244,0.027946730919263866
245,245,245,245,0.13399648912314824
246,246,246,246,0.020148307083164976
247,247,247,247,0.008574439417134259
248,248,248,248,0.03288664243053227
249,249,249,249,0.024590843655307174
250,250,250,250,0.005193388502242652
251,251,251,251,0.024885515187591484
252,252,252,252,0.08068931092047651
253,253,253,253,0.42409472777032675
254,254,254,254,0.32892087851120577
255,255,255,255,0.6125930494792295
256,256,256,256,0.08431922960607698
257,257,257,257,0.1092911856793746
258,258,258,258,0.13478500083772976
259,259,259,259,0.6480576947892611
260,260,260,260,0.10849484177736785
261,261,261,261,0.26999449054508645
262,262,262,262,0.17060590140990545
263,263,263,263,0.5299074395426673
264,264,264,264,0.652758104157889
265,265,265,265,0.3820274019653602
266,266,266,266,0.6471688767282914
267,267,267,267,0.2880583915097742
268,268,268,268,0.11140566692538212
269,269,269,269,0.08440143949174217
270,270,270,270,0.010406187061135703
271,271,271,271,0.010773601263380306
272,272,272,272,0.2674513747106236
273,273,273,273,0.5282863964588654
274,274,274,274,0.03426095360041656
275,275,275,275,0.39814704728656325
276,276,276,276,0.018190631611424975
277,277,277,277,0.05682388077501662
278,278,278,278,0.12962876801803125
279,279,279,279,0.02840948440296397
280,280,280,280,0.629386958171922
281,281,281,281,0.0685890815854927
282,282,282,282,0.5556416390223958
283,283,283,283,0.006053412300995594
284,284,284,284,0.11798410190288597
285,285,285,285,0.011910517330675158
286,286,286,286,0.012209056215674946
287,287,287,287,0.010094347550814595
288,288,288,288,0.08982729121648372
289,289,289,289,0.7066146557707181
290,290,290,290,0.40528540796037604
291,291,291,291,0.6151268834230769
292,292,292,292,0.043778831855341906
293,293,293,293,0.4986975582148168
294,294,294,294,0.5025908235902609
295,295,295,295,0.04254805752640268
296,296,296,296,0.08228451182773852
297,297,297,297,0.5164650959404148
298,298,298,298,0.0054630897881779985
299,299,299,299,0.21152078858892007
300,300,300,300,0.026244272843393333
301,301,301,301,0.08217333796439072
302,302,302,302,0.11299950098048327
303,303,303,303,0.7958585436186169
304,304,304,304,0.015344608794167528
305,305,305,305,0.12337242600080679
306,306,306,306,0.3649109044253703
307,307,307,307,0.5961768476540502
308,308,308,308,0.7383593269351031
309,309,309,309,0.8528278985561012
310,310,310,310,0.0579803253340969
311,311,311,311,0.01695383123199535
312,312,312,312,0.12551237797621903
313,313,313,313,0.042669131462735946
314,314,314,314,0.39619684261530524
315,315,315,315,0.7936950393944538
316,316,316,316,0.030321595166343362
317,317,317,317,0.37044055834438855
318,318,318,318,0.7260561190648844
319,319,319,319,0.5240418908116272
320,320,320,320,0.33058085156385575
321,321,321,321,0.6782447232873096
322,322,322,322,0.48515878797899065
323,323,323,323,0.08675990946323595
324,324,324,324,0.02540619856275571
325,325,325,325,0.7723084382543725
326,326,326,326,0.0223681475466658
327,327,327,327,0.22542269463245898
328,328,328,328,0.006857867724019136
329,329,329,329,0.309398000075529
330,330,330,330,0.10453242373906416
331,331,331,331,0.32919468535404084
332,332,332,332,0.23680293403236996
333,333,333,333,0.15731302321069873
334,334,334,334,0.6835127105658867
335,335,335,335,0.09955366921427991
336,336,336,336,0.014250202696210494
337,337,337,337,0.1933189845678799
338,338,338,338,0.019499913085237845
339,339,339,339,0.019025487759589173
340,340,340,340,0.5431731269436166
341,341,341,341,0.32461907813752056
342,342,342,342,0.06487292386227111
343,343,343,343,0.21870729000290948
344,344,344,344,0.011696710549556212
345,345,345,345,0.0292396191966505
346,346,346,346,0.3449173056370276
347,347,347,347,0.41335081243556265
348,348,348,348,0.012312327557449881
349,349,349,349,0.3592733773314465
350,350,350,350,0.06979691372799049
351,351,351,351,0.03329346420197499
352,352,352,352,0.24332289825480694
353,353,353,353,0.053818762746755976
354,354,354,354,0.30634882396075136
355,355,355,355,0.017517773627690292
356,356,356,356,0.8202960550427248
357,357,357,357,0.5330035747174002
358,358,358,358,0.6655986841885745
359,359,359,359,0.5992721035772441
360,360,360,360,0.18152523372526694
361,361,361,361,0.02401682099920356
362,362,362,362,0.30217292318568717
363,363,363,363,0.075734306240651
364,364,364,364,0.27657356928405047
365,365,365,365,0.011725117968754011
366,366,366,366,0.04629519004663425
367,367,367,367,0.1507930641605239
368,368,368,368,0.06177332398521011
369,369,369,369,0.07707425962534258
370,370,370,370,0.03574287965315764
371,371,371,371,0.2331133543902834
372,372,372,372,0.02067655889291501
373,373,373,373,0.841784121492081
374,374,374,374,0.017113510414896484
375,375,375,375,0.12116991641075962
376,376,376,376,0.201708824233847
377,377,377,377,0.12270359230917094
378,378,378,378,0.6851725274421312
379,379,379,379,0.5976554987699539
380,380,380,380,0.19846863136121895
381,381,381,381,0.049571429560882195
382,382,382,382,0.03325132802538141
383,383,383,383,0.34851053224291045
384,384,384,384,0.24121559897722136
385,385,385,385,0.5178444006971824
386,386,386,386,0.5172326504353413
387,387,387,387,0.013546671469914685
388,388,388,388,0.010407429965215657
389,389,389,389,0.011455214215947727
390,390,390,390,0.7573643950492466
391,391,391,391,0.0207994133357099
392,392,392,392,0.6673338471380982
393,393,393,393,0.3531648723275279
394,394,394,394,0.08068160875887087
395,395,395,395,0.3865657489881831
396,396,396,396,0.029827235721396148
397,397,397,397,0.02630526825012182
398,398,398,398,0.14051180927938162
399,399,399,399,0.019841896803618364
400,400,400,400,0.30848334762767876
401,401,401,401,0.10680923607887413
402,402,402,402,0.012884664388502984
403,403,403,403,0.16798669317619275
404,404,404,404,0.022154967836944973
405,405,405,405,0.5270854114944183
406,406,406,406,0.6081279678753505
407,407,407,407,0.299025369117766
408,408,408,408,0.28645993541005144
409,409,409,409,0.012617545424199347
410,410,410,410,0.04256800495844283
411,411,411,411,0.056695123015233016
412,412,412,412,0.592750239595931
413,413,413,413,0.5408249207400029
414,414,414,414,0.2746323585594117
415,415,415,415,0.16024329990388736
416,416,416,416,0.013539070622074711
417,417,417,417,0.40081005850453105
418,418,418,418,0.06343290159522194
419,419,419,419,0.07808669650580818
420,420,420,420,0.3326916750427624
421,421,421,421,0.19069043667191524
422,422,422,422,0.45084282454100333
423,423,423,423,0.09165751127990929
424,424,424,424,0.07813317883478965
425,425,425,425,0.6769306145513103
426,426,426,426,0.19598672328461864
427,427,427,427,0.0553089877344105
428,428,428,428,0.8899849797695034
429,429,429,429,0.20814848069771766
430,430,430,430,0.04013749574676887
431,431,431,431,0.11354229195155278
432,432,432,432,0.6577974439367783
433,433,433,433,0.6802322137922545
434,434,434,434,0.5726998323712055
435,435,435,435,0.6654868213928544
436,436,436,436,0.01285983332123873
437,437,437,437,0.03105458836008614
438,438,438,438,0.21844781546009898
439,439,439,439,0.3961701982472783
440,440,440,440,0.11290493993918768
441,441,441,441,0.20302280688031712
442,442,442,442,0.19260904525350417
443,443,443,443,0.028226612889598574
444,444,444,444,0.2840408926469127
445,445,445,445,0.010279060942415166
446,446,446,446,0.02703935975905472
447,447,447,447,0.028306005090720922
448,448,448,448,0.46314257442454587
449,449,449,449,0.050164666313154894
450,450,450,450,0.5339571400530811
451,451,451,451,0.44735806272895307
452,452,452,452,0.011607260758863492
453,453,453,453,0.51048145965813
454,454,454,454,0.03466825041664439
455,455,455,455,0.149139420348289
456,456,456,456,0.20150311824158312
457,457,457,457,0.009032167166593566
458,458,458,458,0.025531091515146334
459,459,459,459,0.09064921543550768
460,460,460,460,0.17997542399325486
461,461,461,461,0.012531028287805224
462,462,462,462,0.020153496403888506
463,463,463,463,0.02374896734243104
464,464,464,464,0.41335081243556265
465,465,465,465,0.16347570806792935
466,466,466,466,0.02056813519347142
467,467,467,467,0.7128408182090776
468,468,468,468,0.1971202777438314
469,469,469,469,0.042651498756561226
470,470,470,470,0.43337735097722957
471,471,471,471,0.36368988874588537
472,472,472,472,0.18991964203443198
473,473,473,473,0.18461156974653206
474,474,474,474,0.5777172555712401
475,475,475,475,0.04383644207114132
476,476,476,476,0.8431569514198275
477,477,477,477,0.027432888103360024
478,478,478,478,0.07715729473758456
479,479,479,479,0.24077850863764197
480,480,480,480,0.23908996703439686
481,481,481,481,0.024864708538525404
482,482,482,482,0.20169405044025954
483,483,483,483,0.5655309976842393
484,484,484,484,0.06697723004430974
485,485,485,485,0.2952619605263933
486,486,486,486,0.5475040855693492
487,487,487,487,0.17673591408627815
488,488,488,488,0.012277857033623352
489,489,489,489,0.05025471317586674
490,490,490,490,0.8544963676151356
491,491,491,491,0.44444207341909825
492,492,492,492,0.18255215323849655
493,493,493,493,0.06932143878428587
494,494,494,494,0.06102102992520898
495,495,495,495,0.020126373912415244
496,496,496,496,0.0577973751871121
497,497,497,497,0.05097350440064369
498,498,498,498,0.7441120780984058
499,499,499,499,0.041085189584667066
500,500,500,500,0.7656676855890971
501,501,501,501,0.02446318427176216
502,502,502,502,0.14041897427307473
503,503,503,503,0.3046563159314429
504,504,504,504,0.2969255327277424
505,505,505,505,0.02189264468987283
506,506,506,506,0.09335100120001916
507,507,507,507,0.2037225636366607
508,508,508,508,0.5916987618726136
509,509,509,509,0.0683521755102955
510,510,510,510,0.7783979191287058
511,511,511,511,0.27022086435621334
512,512,512,512,0.632937172947046
513,513,513,513,0.49623390772320375
514,514,514,514,0.12471486476298248
515,515,515,515,0.06467729816571283
516,516,516,516,0.22993644910662137
517,517,517,517,0.8937593093619449
518,518,518,518,0.39043696596629496
519,519,519,519,0.011237772893974556
520,520,520,520,0.4965695204624653
521,521,521,521,0.028549911444605485
522,522,522,522,0.01773801769578002
523,523,523,523,0.13034215859141562
524,524,524,524,0.8956751704602158
525,525,525,525,0.11313093830423158
526,526,526,526,0.3461096162681817
527,527,527,527,0.08484782640807653
528,528,528,528,0.6044000648192529
529,529,529,529,0.06613634883589657
530,530,530,530,0.03242750394208132
531,531,531,531,0.07014753507786925
532,532,532,532,0.13632220485788324
533,533,533,533,0.3128564865577946
534,534,534,534,0.7751804947405236
535,535,535,535,0.6954148010047203
536,536,536,536,0.3834118675031069
537,537,537,537,0.05852527649026318
538,538,538,538,0.4317291400509968
539,539,539,539,0.1340794883348561
540,540,540,540,0.5780068323299682
541,541,541,541,0.7425638222067097
542,542,542,542,0.13318184504249492
543,543,543,543,0.11066063489514341
544,544,544,544,0.12130559532036322
545,545,545,545,0.3187136867140486
546,546,546,546,0.41206606846416277
547,547,547,547,0.035733186251204974
548,548,548,548,0.24956908728843882
549,549,549,549,0.04101660110442441
550,550,550,550,0.059081179594652665
551,551,551,551,0.030223826336173976
552,552,552,552,0.01120984579230024
553,553,553,553,0.20183812915029792
554,554,554,554,0.09806832493197189
555,555,555,555,0.06275499643286996
556,556,556,556,0.8433023254460259
557,557,557,557,0.6680891898716916
558,558,558,558,0.08583011523012112
559,559,559,559,0.2201532222771445
560,560,560,560,0.3738467140213448
561,561,561,561,0.011352212032598931
562,562,562,562,0.048847861833545156
563,563,563,563,0.013470874052225345
564,564,564,564,0.1969101571077464
565,565,565,565,0.3151177372366473
566,566,566,566,0.6723166978563793
567,567,567,567,0.08000202657673598
568,568,568,568,0.5438680990009763
569,569,569,569,0.08266188818336938
570,570,570,570,0.011087249213209232
571,571,571,571,0.7171810149560726
572,572,572,572,0.6812457079089371
573,573,573,573,0.15121025395485707
574,574,574,574,0.018986383987178404
575,575,575,575,0.256028960809104
576,576,576,576,0.15863043790782877
577,577,577,577,0.6013266001878681
578,578,578,578,0.4376299225198117
579,579,579,579,0.8661845626043015
580,580,580,580,0.026072541095715652
581,581,581,581,0.6188323252835659
582,582,582,582,0.006903030481978096
583,583,583,583,0.026833385321913466
584,584,584,584,0.18110662307165354
585,585,585,585,0.018150901741176
586,586,586,586,0.14176286907338648
587,587,587,587,0.06718673685717275
588,588,588,588,0.8291927664311778
589,589,589,589,0.3497028670482856
590,590,590,590,0.9097946114439095
591,591,591,591,0.04429725380270973
592,592,592,592,0.5858696102768766
593,593,593,593,0.05317533032885424
594,594,594,594,0.35691337718188393
595,595,595,595,0.540940634114231
596,596,596,596,0.009291690903331293
597,597,597,597,0.4274734875218939
598,598,598,598,0.5253824746090197
599,599,599,599,0.041398796830349506
600,600,600,600,0.008389400698241392
601,601,601,601,0.18474831994382374
602,602,602,602,0.06690319495578
603,603,603,603,0.5847146280806251
604,604,604,604,0.03971333055911122
605,605,605,605,0.22652955264095762
606,606,606,606,0.08316083240149175
607,607,607,607,0.6466475200250185
608,608,608,608,0.05153293384089469
609,609,609,609,0.11867069741981079
610,610,610,610,0.5179772401351558
611,611,611,611,0.16347570806792935
612,612,612,612,0.3276596201364555
613,613,613,613,0.11563888585798256
614,614,614,614,0.03160646132377963
615,615,615,615,0.014875798278330564
616,616,616,616,0.4700594310333782
617,617,617,617,0.13328860101095194
618,618,618,618,0.014431527566250211
619,619,619,619,0.1699425478095203
620,620,620,620,0.03148930362046352
621,621,621,621,0.2992515606481148
622,622,622,622,0.7275836913758219
623,623,623,623,0.8715314735620839
624,624,624,624,0.034400010879009124
625,625,625,625,0.12843522107259178
626,626,626,626,0.018890892436823188
627,627,627,627,0.015381462538401856
628,628,628,628,0.6881126937155139
629,629,629,629,0.14342869152828389
630,630,630,630,0.5204867915656535
631,631,631,631,0.03425801015979808
632,632,632,632,0.549644027255365
633,633,633,633,0.025141055430400076
634,634,634,634,0.5711142959825085
635,635,635,635,0.020062892895466755
636,636,636,636,0.04856562941817856
637,637,637,637,0.2998367974957529
638,638,638,638,0.1240762679402548
639,639,639,639,0.5812729733162917
640,640,640,640,0.8794078115514222
641,641,641,641,0.1514967889994478
642,642,642,642,0.10466327828310915
643,643,643,643,0.11173734189237144
644,644,644,644,0.35311198022631896
645,645,645,645,0.026778529927129393
646,646,646,646,0.10929223271870411
647,647,647,647,0.08144938045386829
648,648,648,648,0.008979321051644677
649,649,649,649,0.04085815961287704
650,650,650,650,0.02637723873910489
651,651,651,651,0.7627227156773149
652,652,652,652,0.030942830696165866
653,653,653,653,0.17132684468620102
654,654,654,654,0.18613146368115638
655,655,655,655,0.5194770024278522
656,656,656,656,0.13625819130785305
657,657,657,657,0.18300055779567884
658,658,658,658,0.02712760676081747
659,659,659,659,0.344104829722687
660,660,660,660,0.03384348380069018
661,661,661,661,0.027261249943684427
662,662,662,662,0.42131995069068595
663,663,663,663,0.26259663221412033
664,664,664,664,0.03301923970692699
665,665,665,665,0.713857403789653
666,666,666,666,0.8975906904419255
667,667,667,667,0.18441641477247228
668,668,668,668,0.03043489990883524
669,669,669,669,0.013594408590003847
670,670,670,670,0.024595798409186274
671,671,671,671,0.5329977129385745
672,672,672,672,0.6027774358719425
673,673,673,673,0.33892834802804256
674,674,674,674,0.7326245209594435
675,675,675,675,0.099037087587697
676,676,676,676,0.01255037678762213
677,677,677,677,0.2670128497184861
678,678,678,678,0.2575566663626732
679,679,679,679,0.6104437168336311
680,680,680,680,0.48371760975120437
681,681,681,681,0.15809876425206953
682,682,682,682,0.01136079029666976
683,683,683,683,0.37609322842955123
684,684,684,684,0.05218751133639578
685,685,685,685,0.31781755366082404
686,686,686,686,0.02933806872956099
687,687,687,687,0.01786476030239618
688,688,688,688,0.30356927279446533
689,689,689,689,0.1996404397385887
690,690,690,690,0.6665564026551751
691,691,691,691,0.8955597782876016
692,692,692,692,0.2516298538757089
693,693,693,693,0.1842564218624703
694,694,694,694,0.02712760676081747
695,695,695,695,0.6171430790081883
696,696,696,696,0.3357143438726992
697,697,697,697,0.01046898701723559
698,698,698,698,0.03439267939718393
699,699,699,699,0.31583863327352124
700,700,700,700,0.06688577261205414
701,701,701,701,0.10101164962152599
702,702,702,702,0.10455737521387928
703,703,703,703,0.07436915490837204
704,704,704,704,0.8830592739862521
705,705,705,705,0.01374527522028266
706,706,706,706,0.050991362517007026
707,707,707,707,0.7963461524836389
708,708,708,708,0.02106434655429364
709,709,709,709,0.07606409865239064
710,710,710,710,0.050383729500426175
711,711,711,711,0.18696837780852474
712,712,712,712,0.24907642706718167
713,713,713,713,0.2721349961296831
714,714,714,714,0.16648371215207375
715,715,715,715,0.1833711867640093
716,716,716,716,0.7928041908787222
717,717,717,717,0.02429512228867321
718,718,718,718,0.33466032157978065
719,719,719,719,0.8090436775001498
720,720,720,720,0.10671941696328612
721,721,721,721,0.22214176510514347
722,722,722,722,0.15752318554551012
723,723,723,723,0.5270172682921146
724,724,724,724,0.11893819597777062
725,725,725,725,0.7060105322438903
726,726,726,726,0.01674629192641873
727,727,727,727,0.31043374834021414
728,728,728,728,0.19383038492036736
729,729,729,729,0.022978186852507358
730,730,730,730,0.01043540839020815
731,731,731,731,0.7340319175108858
732,732,732,732,0.011533169861600611
733,733,733,733,0.02036697424593614
734,734,734,734,0.035834736109183474
735,735,735,735,0.5141591559059528
736,736,736,736,0.019926024578523337
737,737,737,737,0.1695109597197681
738,738,738,738,0.465809575378754
739,739,739,739,0.4665031250388112
740,740,740,740,0.2486819540936589
741,741,741,741,0.3327262088223647
742,742,742,742,0.29649148269491304
743,743,743,743,0.4632012745073046
744,744,744,744,0.11938431214813536
745,745,745,745,0.18354455192580152
746,746,746,746,0.062378167485927886
747,747,747,747,0.35904551004375623
748,748,748,748,0.01099223172602357
749,749,749,749,0.624615258495359
750,750,750,750,0.43475051712951923
751,751,751,751,0.03536423997329083
752,752,752,752,0.15643622252190723
753,753,753,753,0.08550669459180746
754,754,754,754,0.6148394229967128
755,755,755,755,0.08005657555796163
756,756,756,756,0.11484617649400551
757,757,757,757,0.429236036948419
758,758,758,758,0.05554111578282891
759,759,759,759,0.6647024456910372
760,760,760,760,0.3732535314469431
761,761,761,761,0.719087971618234
762,762,762,762,0.79973241277721
763,763,763,763,0.14656571685039416
764,764,764,764,0.1226554764632726
765,765,765,765,0.09735532393331277
766,766,766,766,0.5048404790292691
767,767,767,767,0.037825486321258
768,768,768,768,0.14219581029892567
769,769,769,769,0.39712453972586953
770,770,770,770,0.6000120366642179
771,771,771,771,0.01725364515947151
772,772,772,772,0.7542699247640824
773,773,773,773,0.1286312725698643
774,774,774,774,0.5451390099563613
775,775,775,775,0.07390441077348002
776,776,776,776,0.05378736441033882
777,777,777,777,0.5642657695334015
778,778,778,778,0.05819514166824402
779,779,779,779,0.6315471680840216
780,780,780,780,0.05850144288530901
781,781,781,781,0.4486108217005903
782,782,782,782,0.6185209032311426
783,783,783,783,0.7217500192717394
784,784,784,784,0.014048789902053443
785,785,785,785,0.5846417555356114
786,786,786,786,0.12029989705418027
787,787,787,787,0.17322806515314976
788,788,788,788,0.5265669749197899
789,789,789,789,0.02656841910295712
790,790,790,790,0.47403724239848666
791,791,791,791,0.6747818690081322
792,792,792,792,0.02652664140405013
793,793,793,793,0.5054255030944592
794,794,794,794,0.5711258564598932
795,795,795,795,0.4854040371426624
796,796,796,796,0.3594859158619236
797,797,797,797,0.014518024854668287
798,798,798,798,0.040849175687561724
799,799,799,799,0.04384782757075587
800,800,800,800,0.2160711958392288
801,801,801,801,0.2645183349755741
802,802,802,802,0.025824714934464647
803,803,803,803,0.7352465005595159
804,804,804,804,0.010027535099680709
805,805,805,805,0.14120731883576437
806,806,806,806,0.01015983935069552
807,807,807,807,0.5093876972409916
808,808,808,808,0.09511032169681706
809,809,809,809,0.1903707276318816
810,810,810,810,0.11041803437919713
811,811,811,811,0.23810601611270352
812,812,812,812,0.3103871272804348
813,813,813,813,0.14006115768926375
814,814,814,814,0.04211047439687695
815,815,815,815,0.6577060808018561
816,816,816,816,0.12500986424888022
817,817,817,817,0.24600491597740226
818,818,818,818,0.01666489635733794
819,819,819,819,0.04093271237676933
820,820,820,820,0.09691475687719155
821,821,821,821,0.8109739685462839
822,822,822,822,0.010794203841261313
823,823,823,823,0.03542846146428429
824,824,824,824,0.09960107413574606
825,825,825,825,0.022978186852507358
826,826,826,826,0.014386196304754437
827,827,827,827,0.46849590181053036
828,828,828,828,0.7490705128926849
829,829,829,829,0.7221363225586052
830,830,830,830,0.8340448106829833
831,831,831,831,0.8794078115514222
832,832,832,832,0.20932350022901522
833,833,833,833,0.4071317571023017
834,834,834,834,0.24556966069388148
835,835,835,835,0.3501434160776587
836,836,836,836,0.043942207336360575
837,837,837,837,0.7392361219965374
838,838,838,838,0.4016059968071315
839,839,839,839,0.2605291592774551
840,840,840,840,0.3899193661173764
841,841,841,841,0.2894976643390775
842,842,842,842,0.11082183210450972
843,843,843,843,0.3677028847972362
844,844,844,844,0.01798965430272004
845,845,845,845,0.363418051365211
846,846,846,846,0.5261066961875253
847,847,847,847,0.8917719373115844
848,848,848,848,0.022586420282790533
849,849,849,849,0.20439718511242977
850,850,850,850,0.415260045921791
851,851,851,851,0.08593599390491603
852,852,852,852,0.01926383277809578
853,853,853,853,0.18194435470689968
854,854,854,854,0.22262427664299253
855,855,855,855,0.058560169722029626
856,856,856,856,0.4860575754630658
857,857,857,857,0.1238926778322395
858,858,858,858,0.690349893693418
859,859,859,859,0.01300429564015102
860,860,860,860,0.4426882455977639
861,861,861,861,0.08107651907039441
862,862,862,862,0.09693250537671202
863,863,863,863,0.5614049852741025
864,864,864,864,0.1810058105538904
865,865,865,865,0.022311604884447618
866,866,866,866,0.043434813528399834
867,867,867,867,0.38882890738375764
868,868,868,868,0.1879342985260026
869,869,869,869,0.325970944122121
870,870,870,870,0.7450644393543876
871,871,871,871,0.08788362499259061
872,872,872,872,0.07790666905584497
873,873,873,873,0.459803622959245
874,874,874,874,0.6626456467146595
875,875,875,875,0.4826617165547692
876,876,876,876,0.24307597101270442
877,877,877,877,0.08318389316695744
878,878,878,878,0.019499913085237845
879,879,879,879,0.10170336237176451
880,880,880,880,0.13097369522726315
881,881,881,881,0.06713395298831085
882,882,882,882,0.01082885914153738
883,883,883,883,0.7885901414581242
884,884,884,884,0.02322330669866648
885,885,885,885,0.24835141447784834
886,886,886,886,0.22232312062704143
887,887,887,887,0.02202039041480123
888,888,888,888,0.048538814288327174
889,889,889,889,0.3187326403808508
890,890,890,890,0.2941134829746472
891,891,891,891,0.075811880087945
892,892,892,892,0.01154707414037588
893,893,893,893,0.708085326113631
894,894,894,894,0.04179589687143025
895,895,895,895,0.01562976755130227
896,896,896,896,0.02727428767395178
897,897,897,897,0.362232372923036
898,898,898,898,0.05010074563760893
899,899,899,899,0.7879364150899281
900,900,900,900,0.020065972153935855
901,901,901,901,0.17673439050693293
902,902,902,902,0.11264045583511549
903,903,903,903,0.06381031673689094
904,904,904,904,0.16280265614491468
905,905,905,905,0.011235178458925842
906,906,906,906,0.566389243579558
907,907,907,907,0.007493683836230915
908,908,908,908,0.0313557491008784
909,909,909,909,0.8025773940345202
910,910,910,910,0.0249595493956892
911,911,911,911,0.0173069044002348
912,912,912,912,0.012598644412995708
913,913,913,913,0.4842547096166192
914,914,914,914,0.1555667263083509
915,915,915,915,0.039353943734687785
916,916,916,916,0.7321581301788502
917,917,917,917,0.48604434395167573
918,918,918,918,0.2894976643390775
919,919,919,919,0.7686762688172535
920,920,920,920,0.20587225610548016
921,921,921,921,0.8934653877120856
922,922,922,922,0.1280566113051007
923,923,923,923,0.06521243391364764
924,924,924,924,0.561108654893492
925,925,925,925,0.09020575402312249
926,926,926,926,0.08120006447241025
927,927,927,927,0.20932350022901522
928,928,928,928,0.07344330190383931
929,929,929,929,0.14866565158088943
930,930,930,930,0.7987799316538053
931,931,931,931,0.433287366450612
932,932,932,932,0.7948168176227963
933,933,933,933,0.030132197160895734
934,934,934,934,0.0906363142115894
935,935,935,935,0.08891094733662952
936,936,936,936,0.011407025557825601
937,937,937,937,0.28095791333532366
938,938,938,938,0.11252635454413236
939,939,939,939,0.032754152903186284
940,940,940,940,0.005489357913836128
941,941,941,941,0.7562644417274326
942,942,942,942,0.5057622784621632
943,943,943,943,0.008661775150290445
944,944,944,944,0.10246595533754525
945,945,945,945,0.6964541500435364
946,946,946,946,0.2996416691685418
947,947,947,947,0.03284265207666846
948,948,948,948,0.06414352638184481
949,949,949,949,0.3973620415318504
950,950,950,950,0.7025294954974577
951,951,951,951,0.028799871748241963
952,952,952,952,0.3151177372366473
953,953,953,953,0.3972174101669371
954,954,954,954,0.20095310069484643
955,955,955,955,0.1282968341960684
956,956,956,956,0.14470589250755062
957,957,957,957,0.3833838426603878
958,958,958,958,0.03167045858151488
959,959,959,959,0.09064312644297348
960,960,960,960,0.3814727685773699
961,961,961,961,0.38114948919892594
962,962,962,962,0.11614013182239648
963,963,963,963,0.021940400966890403
964,964,964,964,0.5562426028680311
965,965,965,965,0.7447893949523693
966,966,966,966,0.1599997786022084
967,967,967,967,0.0203924855081601
968,968,968,968,0.1071969781830645
969,969,969,969,0.03890118738687243
970,970,970,970,0.01995217588781011
971,971,971,971,0.03743278016043903
972,972,972,972,0.2954023953561736
973,973,973,973,0.06710191756033011
974,974,974,974,0.012688172131149226
975,975,975,975,0.44883840675198594
976,976,976,976,0.08989641915639196
977,977,977,977,0.06575796248930085
978,978,978,978,0.39998709634156526
979,979,979,979,0.034990552975286665
980,980,980,980,0.7459816756174797
981,981,981,981,0.061532599051405144
982,982,982,982,0.3825267565354805
983,983,983,983,0.007771912110977928
984,984,984,984,0.6164570839479333
985,985,985,985,0.03761880050586133
986,986,986,986,0.039949392139811836
987,987,987,987,0.6224276886990651
988,988,988,988,0.39695796305312625
989,989,989,989,0.033038087591655205
990,990,990,990,0.6945088530177583
991,991,991,991,0.6102160996137588
992,992,992,992,0.1576213536050926
993,993,993,993,0.11086870229459937
994,994,994,994,0.6433241150377161
995,995,995,995,0.351380231569693
996,996,996,996,0.16232520437833295
997,997,997,997,0.010007653688547715
998,998,998,998,0.8862256734605045
999,999,999,999,0.010366610422090644
1000,1000,1000,1000,0.021876801660365014
1001,1001,1001,1001,0.21650411711799364
1002,1002,1002,1002,0.28645993541005144
1003,1003,1003,1003,0.19026617526289288
1004,1004,1004,1004,0.500405419784668
1005,1005,1005,1005,0.010258028507961254
1006,1006,1006,1006,0.022820090059117004
1007,1007,1007,1007,0.11585191074350303
1008,1008,1008,1008,0.0723836115533202
1009,1009,1009,1009,0.2207869913561991
1010,1010,1010,1010,0.6261634116497748
1011,1011,1011,1011,0.2928097668732526
1012,1012,1012,1012,0.12439688953623597
1013,1013,1013,1013,0.17908498988260885
1014,1014,1014,1014,0.13687168612611528
1015,1015,1015,1015,0.01773801769578002
1016,1016,1016,1016,0.010234847676141223
1017,1017,1017,1017,0.10941896702700651
1018,1018,1018,1018,0.5883350737263636
1019,1019,1019,1019,0.8349663091988586
1020,1020,1020,1020,0.6670553947702569
1021,1021,1021,1021,0.014204334238537944
1022,1022,1022,1022,0.10876620028024335
1023,1023,1023,1023,0.014468441509488492
1024,1024,1024,1024,0.083940642072927
1025,1025,1025,1025,0.8589846232640322
1026,1026,1026,1026,0.3902508515324431
1027,1027,1027,1027,0.06742506298096049
1028,1028,1028,1028,0.04079077808149143
1029,1029,1029,1029,0.7401326874986053
1030,1030,1030,1030,0.1793032041190164
1031,1031,1031,1031,0.009417278080518007
1032,1032,1032,1032,0.05311628556397182
1033,1033,1033,1033,0.10306416078616705
1034,1034,1034,1034,0.08120926978122998
1035,1035,1035,1035,0.6429520173575618
1036,1036,1036,1036,0.6031141841176165
1037,1037,1037,1037,0.13067028676911457
1038,1038,1038,1038,0.2757283733535397
1039,1039,1039,1039,0.012225751004783552
1040,1040,1040,1040,0.5632130052880474
1041,1041,1041,1041,0.16882322865129817
1042,1042,1042,1042,0.5905432685410464
1043,1043,1043,1043,0.010165639453830396
1044,1044,1044,1044,0.08356847970726625
1045,1045,1045,1045,0.011086899471729764
1046,1046,1046,1046,0.01161937883974758
1047,1047,1047,1047,0.20276372504176968
1048,1048,1048,1048,0.8284787678495839
1049,1049,1049,1049,0.058126267981334655
1050,1050,1050,1050,0.18474679294264393
1051,1051,1051,1051,0.1388600955679979
1052,1052,1052,1052,0.13021087391246366
1053,1053,1053,1053,0.03821186342274337
1054,1054,1054,1054,0.017132378327290046
1055,1055,1055,1055,0.050922270267816185
1056,1056,1056,1056,0.1479095758708006
1057,1057,1057,1057,0.11296825385330304
1058,1058,1058,1058,0.10401759014204513
1059,1059,1059,1059,0.5396706162788015
1060,1060,1060,1060,0.40413861503871323
1061,1061,1061,1061,0.05068394976248017
1062,1062,1062,1062,0.09305200800682481
1063,1063,1063,1063,0.02402528748416213
1064,1064,1064,1064,0.09980193705026208
1065,1065,1065,1065,0.3572241153972137
1066,1066,1066,1066,0.05181083620530615
1067,1067,1067,1067,0.17283896790838224
1068,1068,1068,1068,0.017925777470577428
1069,1069,1069,1069,0.00939141519406486
1070,1070,1070,1070,0.059907292372087695
1071,1071,1071,1071,0.11683608839086045
1072,1072,1072,1072,0.07790583075639557
1073,1073,1073,1073,0.2879099853526458
1074,1074,1074,1074,0.03595850129548452
1075,1075,1075,1075,0.02145864719195053
1076,1076,1076,1076,0.05545609954684506
1077,1077,1077,1077,0.4754260761443174
1078,1078,1078,1078,0.115254567305327
1079,1079,1079,1079,0.6317899135009929
1080,1080,1080,1080,0.02232198421310931
1081,1081,1081,1081,0.834139772460619
1082,1082,1082,1082,0.42911526066254596
1083,1083,1083,1083,0.04569780601520728
1084,1084,1084,1084,0.6398031504248901
1085,1085,1085,1085,0.3049195946902059
1086,1086,1086,1086,0.4744170486359162
1087,1087,1087,1087,0.029045544822548123
1088,1088,1088,1088,0.6958326560470919
1089,1089,1089,1089,0.8092993559852515
1090,1090,1090,1090,0.15752050686645555
1091,1091,1091,1091,0.582037104012969
1092,1092,1092,1092,0.031050870381596107
1093,1093,1093,1093,0.606779568898889
1094,1094,1094,1094,0.37414471625846485
1095,1095,1095,1095,0.040905154072660314
1096,1096,1096,1096,0.025525966457628516
1097,1097,1097,1097,0.19326961536089476
1098,1098,1098,1098,0.2092871177952433
1099,1099,1099,1099,0.13152603294523582
1100,1100,1100,1100,0.5435879550422201
1101,1101,1101,1101,0.2390858266433863
1102,1102,1102,1102,0.14842716100815354
1103,1103,1103,1103,0.02712760676081747
1104,1104,1104,1104,0.021470419338310478
1105,1105,1105,1105,0.08230402868455415
1106,1106,1106,1106,0.022422277103579188
1107,1107,1107,1107,0.02626712262291461
1108,1108,1108,1108,0.00983111743043963
1109,1109,1109,1109,0.2802677625922818
1110,1110,1110,1110,0.6915039425242256
1111,1111,1111,1111,0.04803061780279531
1112,1112,1112,1112,0.007479353150331516
1113,1113,1113,1113,0.08482316504537676
1114,1114,1114,1114,0.048205739161595554
1115,1115,1115,1115,0.4785993783286263
1116,1116,1116,1116,0.18782108278590062
1117,1117,1117,1117,0.1226232736596284
1118,1118,1118,1118,0.02366738080725709
1119,1119,1119,1119,0.13502155058014562
1120,1120,1120,1120,0.0727480975992785
1121,1121,1121,1121,0.13790451188668884
1122,1122,1122,1122,0.3565935068715616
1123,1123,1123,1123,0.3919963674452963
1124,1124,1124,1124,0.02057477255050303
1125,1125,1125,1125,0.021310945559139424
1126,1126,1126,1126,0.3125840241416703
1127,1127,1127,1127,0.5077716128192332
1128,1128,1128,1128,0.10328222121616228
1129,1129,1129,1129,0.35644673024614143
1130,1130,1130,1130,0.3016431895923538
1131,1131,1131,1131,0.02307657419028508
1132,1132,1132,1132,0.07859237282624464
1133,1133,1133,1133,0.12035479129494589
1134,1134,1134,1134,0.7638454590228423
1135,1135,1135,1135,0.6735251019221525
1136,1136,1136,1136,0.01218609651506631
1137,1137,1137,1137,0.032698843807212885
1138,1138,1138,1138,0.5054184932099451
1139,1139,1139,1139,0.014132798929813733
1140,1140,1140,1140,0.6184857763466396
1141,1141,1141,1141,0.6260922344914486
1142,1142,1142,1142,0.07516100410030782
1143,1143,1143,1143,0.08918274057936808
1144,1144,1144,1144,0.5215347232638968
1145,1145,1145,1145,0.2562224732729486
1146,1146,1146,1146,0.08820166690327262
1147,1147,1147,1147,0.14612629893514514
1148,1148,1148,1148,0.01382919054690427
1149,1149,1149,1149,0.04344181842478563
1150,1150,1150,1150,0.3911481838533059
1151,1151,1151,1151,0.31255294119915583
1152,1152,1152,1152,0.5691305387979464
1153,1153,1153,1153,0.00994878208222615
1154,1154,1154,1154,0.15674581814337932
1155,1155,1155,1155,0.07751915152965588
1156,1156,1156,1156,0.009197798332173247
1157,1157,1157,1157,0.14144043042866508
1158,1158,1158,1158,0.5299074395426673
1159,1159,1159,1159,0.8668795968838326
1160,1160,1160,1160,0.010258028507961254
1161,1161,1161,1161,0.21532580975159255
1162,1162,1162,1162,0.2446781246929019
1163,1163,1163,1163,0.22972376272003053
1164,1164,1164,1164,0.01589867463380719
1165,1165,1165,1165,0.5474301541569575
1166,1166,1166,1166,0.2036755457401069
1167,1167,1167,1167,0.012789743233432512
1168,1168,1168,1168,0.14937946461439155
1169,1169,1169,1169,0.006797801682361385
1170,1170,1170,1170,0.057263147834489325
1171,1171,1171,1171,0.02492961515709034
1172,1172,1172,1172,0.1961251853946303
1173,1173,1173,1173,0.07090250993466737
1174,1174,1174,1174,0.10948530463325609
1175,1175,1175,1175,0.659040619472962
1176,1176,1176,1176,0.16407707224565654
1177,1177,1177,1177,0.03058635091574675
1178,1178,1178,1178,0.4588555840363367
1179,1179,1179,1179,0.052236516975783985
1180,1180,1180,1180,0.02801624464444592
1181,1181,1181,1181,0.012303192437677883
1182,1182,1182,1182,0.26578226034053276
1183,1183,1183,1183,0.06754467103700132
1184,1184,1184,1184,0.07628792083785992
1185,1185,1185,1185,0.1367962605726019
1186,1186,1186,1186,0.6302254582851458
1187,1187,1187,1187,0.5574327118502007
1188,1188,1188,1188,0.006236102106367433
1189,1189,1189,1189,0.10671941696328612
1190,1190,1190,1190,0.17304342616168825
1191,1191,1191,1191,0.03128180121858877
1192,1192,1192,1192,0.15510986894261886
1193,1193,1193,1193,0.4566264159585477
1194,1194,1194,1194,0.5604831171649587
1195,1195,1195,1195,0.0603174116237625
1196,1196,1196,1196,0.1480165002725419
1197,1197,1197,1197,0.08453345613616597
1198,1198,1198,1198,0.045000378907737726
1199,1199,1199,1199,0.4040594283513759
1200,1200,1200,1200,0.05978817550781931
1201,1201,1201,1201,0.01914949216333007
1202,1202,1202,1202,0.023206492368714606
1203,1203,1203,1203,0.486001168967849
1204,1204,1204,1204,0.28169488929410513
1205,1205,1205,1205,0.25616302849428413
1206,1206,1206,1206,0.531247440575619
1207,1207,1207,1207,0.0431627849250259
1208,1208,1208,1208,0.3743649077050952
1209,1209,1209,1209,0.07418510472266006
1210,1210,1210,1210,0.3263667936316202
1211,1211,1211,1211,0.040332298332332706
1212,1212,1212,1212,0.07052728840540985
1213,1213,1213,1213,0.8650894297982307
1214,1214,1214,1214,0.1265388539475101
1215,1215,1215,1215,0.31950167316343575
1216,1216,1216,1216,0.19334242111858543
1217,1217,1217,1217,0.7083022454647936
1218,1218,1218,1218,0.19633487426433047
1219,1219,1219,1219,0.08060268912842324
1220,1220,1220,1220,0.011709300411445394
1221,1221,1221,1221,0.3362134677588499
1222,1222,1222,1222,0.8253212785172274
1223,1223,1223,1223,0.38826343834282206
1224,1224,1224,1224,0.03523087144664651
1225,1225,1225,1225,0.39312939756082743
1226,1226,1226,1226,0.7686762688172535
1227,1227,1227,1227,0.6801525940088725
1228,1228,1228,1228,0.48296722978764267
1229,1229,1229,1229,0.8623636321618671
1230,1230,1230,1230,0.010727511954861818
1231,1231,1231,1231,0.6286288665465642
1232,1232,1232,1232,0.6446807714606105
1233,1233,1233,1233,0.4522476036292907
1234,1234,1234,1234,0.190449682638056
1235,1235,1235,1235,0.009479135061162111
1236,1236,1236,1236,0.8975152858721774
1237,1237,1237,1237,0.6074827529562236
1238,1238,1238,1238,0.6302733776366954
1239,1239,1239,1239,0.016590231561333373
1240,1240,1240,1240,0.1493683243626459
1241,1241,1241,1241,0.05019564006534787
1242,1242,1242,1242,0.01251046992270622
1243,1243,1243,1243,0.7365208914634976
1244,1244,1244,1244,0.012639159131961368
1245,1245,1245,1245,0.11050331954107116
1246,1246,1246,1246,0.422533274640246
1247,1247,1247,1247,0.08341733784093237
1248,1248,1248,1248,0.0872784239797315
1249,1249,1249,1249,0.12331303798823266
1250,1250,1250,1250,0.04411560089404334
1251,1251,1251,1251,0.3001518982801923
1252,1252,1252,1252,0.009496241040529712
1253,1253,1253,1253,0.8996921594227932
1254,1254,1254,1254,0.11900095398169488
1255,1255,1255,1255,0.008630808484441789
1256,1256,1256,1256,0.680205802926148
1257,1257,1257,1257,0.6461333216086498
1258,1258,1258,1258,0.008864023484800762
1259,1259,1259,1259,0.30985618082707717
1260,1260,1260,1260,0.8209363200576717
1261,1261,1261,1261,0.025322523267676728
1262,1262,1262,1262,0.10869302901521789
1263,1263,1263,1263,0.2250009194494022
1264,1264,1264,1264,0.2148422509698482
1265,1265,1265,1265,0.17879158869295533
1266,1266,1266,1266,0.45497565483714714
1267,1267,1267,1267,0.21368716584042888
1268,1268,1268,1268,0.6677308230553898
1269,1269,1269,1269,0.38002110475276846
1270,1270,1270,1270,0.025516546244312897
1271,1271,1271,1271,0.0299681071711076
1272,1272,1272,1272,0.11434727704472065
1273,1273,1273,1273,0.02287729673670012
1274,1274,1274,1274,0.010804091766530074
1275,1275,1275,1275,0.1553349678633075
1276,1276,1276,1276,0.017731486097716874
1277,1277,1277,1277,0.005621549313019566
1278,1278,1278,1278,0.045896289636827126
1279,1279,1279,1279,0.3528828894344312
1280,1280,1280,1280,0.027020331734989658
1281,1281,1281,1281,0.5283646320010476
1282,1282,1282,1282,0.8878121680249247
1283,1283,1283,1283,0.26600279588700687
1284,1284,1284,1284,0.6359985237974302
1285,1285,1285,1285,0.09631428233561558
1286,1286,1286,1286,0.07718886377530686
1287,1287,1287,1287,0.5175583576543993
1288,1288,1288,1288,0.5255263498453886
1289,1289,1289,1289,0.0436457894957507
1290,1290,1290,1290,0.1704863261855243
1291,1291,1291,1291,0.6243424128018772
1292,1292,1292,1292,0.07008715919592459
1293,1293,1293,1293,0.023055378160539902
1294,1294,1294,1294,0.18134726414578686
1295,1295,1295,1295,0.45250676453931565
1296,1296,1296,1296,0.05087482977623394
1297,1297,1297,1297,0.20594323898793807
1298,1298,1298,1298,0.4807795389182957
1299,1299,1299,1299,0.4673181972682484
1300,1300,1300,1300,0.6899752895926028
1301,1301,1301,1301,0.8209363200576717
1302,1302,1302,1302,0.08836440060214133
1303,1303,1303,1303,0.6679467174839218
1304,1304,1304,1304,0.1371327311246551
1305,1305,1305,1305,0.04897658253793084
1306,1306,1306,1306,0.17098429285573588
1307,1307,1307,1307,0.05437602506867986
1308,1308,1308,1308,0.21493141377897138
1309,1309,1309,1309,0.8492554306892389
1310,1310,1310,1310,0.11823485631804952
1311,1311,1311,1311,0.45991100867106277
1312,1312,1312,1312,0.39650822395493357
1313,1313,1313,1313,0.027275155414280817
1314,1314,1314,1314,0.02225675145198357
1315,1315,1315,1315,0.22649746568634885
1316,1316,1316,1316,0.01110872043531713
1317,1317,1317,1317,0.5013237548119376
1318,1318,1318,1318,0.026445485529732735
1319,1319,1319,1319,0.013382579033933932
1320,1320,1320,1320,0.11237780791619725
1321,1321,1321,1321,0.018472625143420403
1322,1322,1322,1322,0.41335081243556265
1323,1323,1323,1323,0.2196334819349582
1324,1324,1324,1324,0.08037703606864897
1325,1325,1325,1325,0.430987130188867
1326,1326,1326,1326,0.6054565358513375
1327,1327,1327,1327,0.10795113225789402
1328,1328,1328,1328,0.758302367674337
1329,1329,1329,1329,0.2011999688438737
1330,1330,1330,1330,0.760196886962774
1331,1331,1331,1331,0.23786389971671124
1332,1332,1332,1332,0.17097799752354828
1333,1333,1333,1333,0.1537586325993115
1334,1334,1334,1334,0.011709300411445394
1335,1335,1335,1335,0.6250767259886607
1336,1336,1336,1336,0.03848700543362791
1337,1337,1337,1337,0.6440119037340591
1338,1338,1338,1338,0.013034541642058046
1339,1339,1339,1339,0.7733672052959846
1340,1340,1340,1340,0.02412809249800899
1341,1341,1341,1341,0.18156425760776573
1342,1342,1342,1342,0.017201027577473143
1343,1343,1343,1343,0.10270674076762731
1344,1344,1344,1344,0.0288922375635322
1345,1345,1345,1345,0.09519546368564229
1346,1346,1346,1346,0.05519211394561533
1347,1347,1347,1347,0.013455383962361095
1348,1348,1348,1348,0.7676237326688331
1349,1349,1349,1349,0.013529343275882294
1350,1350,1350,1350,0.02202039041480123
1351,1351,1351,1351,0.02488470038885431
1352,1352,1352,1352,0.04859700153933658
1353,1353,1353,1353,0.38620866997319864
1354,1354,1354,1354,0.26580577508439435
1355,1355,1355,1355,0.6043276934407096
1356,1356,1356,1356,0.07022744471887053
1357,1357,1357,1357,0.42096517805096206
1358,1358,1358,1358,0.0127167835119032
1359,1359,1359,1359,0.16278283160994794
1360,1360,1360,1360,0.16548357542038825
1361,1361,1361,1361,0.09468123076742384
1362,1362,1362,1362,0.6808616243067209
1363,1363,1363,1363,0.012678291180878069
1364,1364,1364,1364,0.15309287051599835
1365,1365,1365,1365,0.4603137529933196
1366,1366,1366,1366,0.11676032572628942
1367,1367,1367,1367,0.033005158435699726
1368,1368,1368,1368,0.1646720378783405
1369,1369,1369,1369,0.07857245550501728
1370,1370,1370,1370,0.05291374029861236
1371,1371,1371,1371,0.7215312312056935
1372,1372,1372,1372,0.022333554153860964
1373,1373,1373,1373,0.141691569535842
1374,1374,1374,1374,0.025665829018099322
1375,1375,1375,1375,0.20717556962374156
1376,1376,1376,1376,0.07218801936686856
1377,1377,1377,1377,0.3946848910089561
1378,1378,1378,1378,0.2991888394234517
1379,1379,1379,1379,0.15626720661239982
1380,1380,1380,1380,0.7479391390875395
1381,1381,1381,1381,0.5370679666637233
1382,1382,1382,1382,0.4253274252856254
1383,1383,1383,1383,0.009850579881197948
1384,1384,1384,1384,0.45239940215563473
1385,1385,1385,1385,0.7337514058578276
1386,1386,1386,1386,0.592418623348044
1387,1387,1387,1387,0.07863662777236075
1388,1388,1388,1388,0.6252463298067268
1389,1389,1389,1389,0.6358091921161023
1390,1390,1390,1390,0.6185783026710708
1391,1391,1391,1391,0.03930171984742754
1392,1392,1392,1392,0.7270281093612971
1393,1393,1393,1393,0.11306089863820516
1394,1394,1394,1394,0.018777776827131526
1395,1395,1395,1395,0.41036152873381465
1396,1396,1396,1396,0.10214413465833264
1397,1397,1397,1397,0.013599748844952303
1398,1398,1398,1398,0.2389840660256964
1399,1399,1399,1399,0.1693876353081201
1400,1400,1400,1400,0.2967349632454463
1401,1401,1401,1401,0.03956818982132265
1402,1402,1402,1402,0.3861914231230306
1403,1403,1403,1403,0.014730348986020892
1404,1404,1404,1404,0.12445390909123487
1405,1405,1405,1405,0.09344098260769451
1406,1406,1406,1406,0.3151177372366473
1407,1407,1407,1407,0.41335081243556265
1408,1408,1408,1408,0.08727027870531241
1409,1409,1409,1409,0.006718485731108447
1410,1410,1410,1410,0.037770489592081485
1411,1411,1411,1411,0.011456091243787837
1412,1412,1412,1412,0.4543372678107758
1413,1413,1413,1413,0.6736873200893029
1414,1414,1414,1414,0.023666383603925506
1415,1415,1415,1415,0.056213634037736604
1416,1416,1416,1416,0.1889599115724872
1417,1417,1417,1417,0.01133573385911297
1418,1418,1418,1418,0.07566917543765012
1419,1419,1419,1419,0.40424518541861965
1420,1420,1420,1420,0.06733303816367053
1421,1421,1421,1421,0.00936902142788915
1422,1422,1422,1422,0.02222026606654302
1423,1423,1423,1423,0.013382579033933932
1424,1424,1424,1424,0.0857990795778127
1425,1425,1425,1425,0.04456342873176904
1426,1426,1426,1426,0.03240883772125208
1427,1427,1427,1427,0.0788627005681593
1428,1428,1428,1428,0.7665090870505225
1429,1429,1429,1429,0.29372339999520136
1430,1430,1430,1430,0.11824029705067075
1431,1431,1431,1431,0.28904484965228944
1432,1432,1432,1432,0.2565886206621305
1433,1433,1433,1433,0.020272625523846354
1434,1434,1434,1434,0.7397963381925369
1435,1435,1435,1435,0.20092007805917395
1436,1436,1436,1436,0.30754714078634543
1437,1437,1437,1437,0.1347861638937012
1438,1438,1438,1438,0.34964021169143383
1439,1439,1439,1439,0.3670562998391326
1440,1440,1440,1440,0.2894976643390775
1441,1441,1441,1441,0.45979282689764217
1442,1442,1442,1442,0.09731000709058224
1443,1443,1443,1443,0.6222465465085915
1444,1444,1444,1444,0.17794677329741473
1445,1445,1445,1445,0.16560566270321742
1446,1446,1446,1446,0.1936530759537291
1447,1447,1447,1447,0.15888532697908828
1448,1448,1448,1448,0.081765080889064
1449,1449,1449,1449,0.870276301737638
1450,1450,1450,1450,0.044261770596165984
1451,1451,1451,1451,0.7089575865751813
1452,1452,1452,1452,0.536072717533048
1453,1453,1453,1453,0.012502311023235083
1454,1454,1454,1454,0.17790406646085977
1455,1455,1455,1455,0.05429303355288872
1456,1456,1456,1456,0.10564383940590528
1457,1457,1457,1457,0.12967212950007848
1458,1458,1458,1458,0.2275104059644502
1459,1459,1459,1459,0.8346244749914334
1460,1460,1460,1460,0.7963461524836389
1461,1461,1461,1461,0.012149433893063106
1462,1462,1462,1462,0.010845071628036053
1463,1463,1463,1463,0.2894976643390775
1464,1464,1464,1464,0.3913423233707536
1465,1465,1465,1465,0.6109613801121292
1466,1466,1466,1466,0.03810805563890745
1467,1467,1467,1467,0.018330905581266686
1468,1468,1468,1468,0.023969304473091584
1469,1469,1469,1469,0.4263283390447437
1470,1470,1470,1470,0.21525973993907863
1471,1471,1471,1471,0.04173514343975152
1472,1472,1472,1472,0.40776904920899715
1473,1473,1473,1473,0.382977548820579
1474,1474,1474,1474,0.31730972793624074
1475,1475,1475,1475,0.802355365104784
1476,1476,1476,1476,0.028638978732407658
1477,1477,1477,1477,0.016577526447758208
1478,1478,1478,1478,0.380941220346808
1479,1479,1479,1479,0.4312224221058596
1480,1480,1480,1480,0.0184953552796718
1481,1481,1481,1481,0.44444207341909825
1482,1482,1482,1482,0.010386859821754316
1483,1483,1483,1483,0.07590753945163498
1484,1484,1484,1484,0.13598856196800344
1485,1485,1485,1485,0.20932350022901522
1486,1486,1486,1486,0.046391176598429146
1487,1487,1487,1487,0.11062603110897147
1488,1488,1488,1488,0.2721733978450605
1489,1489,1489,1489,0.17745885569872155
1490,1490,1490,1490,0.6433241150377161
1491,1491,1491,1491,0.015888060436711683
1492,1492,1492,1492,0.007227076518947189
1493,1493,1493,1493,0.17389743271078315
1494,1494,1494,1494,0.7331946180848423
1495,1495,1495,1495,0.41263006600663127
1496,1496,1496,1496,0.26154691842594363
1497,1497,1497,1497,0.1549125062826216
1498,1498,1498,1498,0.18941664613339346
1499,1499,1499,1499,0.09375768627356207
1500,1500,1500,1500,0.027314065690795492
1501,1501,1501,1501,0.02918649536978984
1502,1502,1502,1502,0.00931785674848942
1503,1503,1503,1503,0.10211206063788922
1504,1504,1504,1504,0.9220590488041713
1505,1505,1505,1505,0.39724043531058023
1506,1506,1506,1506,0.6891296239629542
1507,1507,1507,1507,0.2038829824715074
1508,1508,1508,1508,0.6466685727844643
1509,1509,1509,1509,0.4632604598591979
1510,1510,1510,1510,0.08439511630259083
1511,1511,1511,1511,0.022819261661462226
1512,1512,1512,1512,0.07062399110214057
1513,1513,1513,1513,0.2167185498678066
1514,1514,1514,1514,0.02601568451190394
1515,1515,1515,1515,0.5163705290778614
1516,1516,1516,1516,0.05970770262790398
1517,1517,1517,1517,0.6721324854918842
1518,1518,1518,1518,0.37270740737808855
1519,1519,1519,1519,0.11727773624723614
1520,1520,1520,1520,0.02737649341399954
1521,1521,1521,1521,0.11264762080031428
1522,1522,1522,1522,0.015101571379889352
1523,1523,1523,1523,0.14723953831508876
1524,1524,1524,1524,0.0210498775016586
1525,1525,1525,1525,0.5702868881581636
1526,1526,1526,1526,0.07537214143730439
1527,1527,1527,1527,0.7874989946510016
1528,1528,1528,1528,0.06957094901167452
1529,1529,1529,1529,0.5593513136660571
1530,1530,1530,1530,0.11377591569123885
1531,1531,1531,1531,0.10512403090157063
1532,1532,1532,1532,0.01116812950457148
1533,1533,1533,1533,0.1852335764862411
1534,1534,1534,1534,0.030420226980707746
1535,1535,1535,1535,0.13428456588591509
1536,1536,1536,1536,0.05171474897699667
1537,1537,1537,1537,0.23494964854208583
1538,1538,1538,1538,0.00931785674848942
1539,1539,1539,1539,0.4777096043925842
1540,1540,1540,1540,0.04456342873176904
1541,1541,1541,1541,0.6126125462120416
1542,1542,1542,1542,0.3142583340667593
1543,1543,1543,1543,0.009381127113513731
1544,1544,1544,1544,0.03456678466305607
1545,1545,1545,1545,0.6104371423111381
1546,1546,1546,1546,0.14842299126811861
1547,1547,1547,1547,0.30240517954054186
1548,1548,1548,1548,0.4730799970155041
1549,1549,1549,1549,0.06564141282623293
1550,1550,1550,1550,0.8250499951405269
1551,1551,1551,1551,0.628022916131521
1552,1552,1552,1552,0.43658602405997393
1553,1553,1553,1553,0.012308353668958268
1554,1554,1554,1554,0.011886574705454202
1555,1555,1555,1555,0.041356439285498064
1556,1556,1556,1556,0.3306047143246008
1557,1557,1557,1557,0.6188424885308971
1558,1558,1558,1558,0.046041417255193444
1559,1559,1559,1559,0.018654683418175885
1560,1560,1560,1560,0.37022355420601166
1561,1561,1561,1561,0.01192633614016012
1562,1562,1562,1562,0.033532023970779444
1563,1563,1563,1563,0.47388400820807897
1564,1564,1564,1564,0.09406636355805893
1565,1565,1565,1565,0.17592643448106338
1566,1566,1566,1566,0.025806284582886797
1567,1567,1567,1567,0.04812367407760951
1568,1568,1568,1568,0.8015956600804842
1569,1569,1569,1569,0.020030846928508796
1570,1570,1570,1570,0.2935385352393399
1571,1571,1571,1571,0.07897036076361069
1572,1572,1572,1572,0.2800613726609661
1573,1573,1573,1573,0.022794089752999326
1574,1574,1574,1574,0.5229935080780266
1575,1575,1575,1575,0.8885111616094564
1576,1576,1576,1576,0.04036511646306603
1577,1577,1577,1577,0.04953296048901073
1578,1578,1578,1578,0.18382253294164788
1579,1579,1579,1579,0.2946520583722146
1580,1580,1580,1580,0.7831037034488051
1581,1581,1581,1581,0.0407139596462574
1582,1582,1582,1582,0.3151177372366473
1583,1583,1583,1583,0.021252608013084907
1584,1584,1584,1584,0.6056879609086603
1585,1585,1585,1585,0.39780747292620156
1586,1586,1586,1586,0.030492658696069274
1587,1587,1587,1587,0.09262715027964548
1588,1588,1588,1588,0.013382579033933932
1589,1589,1589,1589,0.3572928513885096
1590,1590,1590,1590,0.21938890939194294
1591,1591,1591,1591,0.30183513591338856
1592,1592,1592,1592,0.8755323554879099
1593,1593,1593,1593,0.19486892915670712
1594,1594,1594,1594,0.009231045707709164
1595,1595,1595,1595,0.305186906457416
1596,1596,1596,1596,0.13410111477693937
1597,1597,1597,1597,0.12162991894207371
1598,1598,1598,1598,0.09542218117641613
1599,1599,1599,1599,0.31486159314930723
1600,1600,1600,1600,0.5940016817475147
1601,1601,1601,1601,0.36572748268217176
1602,1602,1602,1602,0.6879173976809434
1603,1603,1603,1603,0.6284141407184967
1604,1604,1604,1604,0.028192306090447625
1605,1605,1605,1605,0.15523334758206592
1606,1606,1606,1606,0.0790704997437266
1607,1607,1607,1607,0.16345713632361764
1608,1608,1608,1608,0.02033009522971445
1609,1609,1609,1609,0.5707643272648939
1610,1610,1610,1610,0.05469144745091692
1611,1611,1611,1611,0.20684200669179856
1612,1612,1612,1612,0.8877268494085541
1613,1613,1613,1613,0.10474201203095797
1614,1614,1614,1614,0.24326216098044742
1615,1615,1615,1615,0.13478500083772976
1616,1616,1616,1616,0.21591928410479314
1617,1617,1617,1617,0.17272068347781874
1618,1618,1618,1618,0.37351614540106953
1619,1619,1619,1619,0.4359389676686675
1620,1620,1620,1620,0.02485843105744061
1621,1621,1621,1621,0.2500624197795074
1622,1622,1622,1622,0.034637530973778245
1623,1623,1623,1623,0.34548762971202157
1624,1624,1624,1624,0.022461880079612754
1625,1625,1625,1625,0.046022217501108645
1626,1626,1626,1626,0.013669682393765993
1627,1627,1627,1627,0.09027663225646566
1628,1628,1628,1628,0.5289385471708106
1629,1629,1629,1629,0.25847612856170626
1630,1630,1630,1630,0.0592396946472374
1631,1631,1631,1631,0.03324759229158171
1632,1632,1632,1632,0.2628851047678008
1633,1633,1633,1633,0.10684272781137817
1634,1634,1634,1634,0.07758051970561793
1635,1635,1635,1635,0.011599552564767126
1636,1636,1636,1636,0.012409946307229115
1637,1637,1637,1637,0.9194813942442998
1638,1638,1638,1638,0.6693993405432503
1639,1639,1639,1639,0.4920470809315113
1640,1640,1640,1640,0.5497397968894533
1641,1641,1641,1641,0.16618491163582458
1642,1642,1642,1642,0.04055848257032655
1643,1643,1643,1643,0.14580136502081983
1644,1644,1644,1644,0.24767732651381072
1645,1645,1645,1645,0.28043430113456497
1646,1646,1646,1646,0.03731288589587821
1647,1647,1647,1647,0.44718417964255963
1648,1648,1648,1648,0.1721395163987147
1649,1649,1649,1649,0.5236139695068958
1650,1650,1650,1650,0.05100973025918039
1651,1651,1651,1651,0.11694932046062793
1652,1652,1652,1652,0.1438448101394036
1653,1653,1653,1653,0.700170407938315
1654,1654,1654,1654,0.026990094370287994
1655,1655,1655,1655,0.40350838465658423
1656,1656,1656,1656,0.042885694413884914
1657,1657,1657,1657,0.02978440680803454
1658,1658,1658,1658,0.03213617055279421
1659,1659,1659,1659,0.30335806391035186
1660,1660,1660,1660,0.21749254555002
1661,1661,1661,1661,0.015597810987261401
1662,1662,1662,1662,0.013098613164536732
1663,1663,1663,1663,0.2683481370205558
1664,1664,1664,1664,0.15062406933856767
1665,1665,1665,1665,0.8787834897100061
1666,1666,1666,1666,0.14675343935974122
1667,1667,1667,1667,0.12552787969259516
1668,1668,1668,1668,0.03096266588910907
1669,1669,1669,1669,0.06888991427942646
1670,1670,1670,1670,0.8492554306892389
1671,1671,1671,1671,0.37397386849673336
1672,1672,1672,1672,0.06855154995812228
1673,1673,1673,1673,0.10624161334510294
1674,1674,1674,1674,0.030992240372500278
1675,1675,1675,1675,0.2381777965293844
1676,1676,1676,1676,0.35210503917498787
1677,1677,1677,1677,0.02402938556996849
1678,1678,1678,1678,0.2980470457002594
1679,1679,1679,1679,0.1816008218281985
1680,1680,1680,1680,0.1397144583593496
1681,1681,1681,1681,0.02018219083097271
1682,1682,1682,1682,0.618080040155292
1683,1683,1683,1683,0.33625402135450005
1684,1684,1684,1684,0.5399161963632841
1685,1685,1685,1685,0.012669492976657383
1686,1686,1686,1686,0.7561439191267856
1687,1687,1687,1687,0.16576503733827266
1688,1688,1688,1688,0.33605183562551666
1689,1689,1689,1689,0.04277513269484014
1690,1690,1690,1690,0.018592680483677824
1691,1691,1691,1691,0.32562547229153577
1692,1692,1692,1692,0.11373416604288093
1693,1693,1693,1693,0.41185057003935793
1694,1694,1694,1694,0.050879401697672105
1695,1695,1695,1695,0.13774587334325414
1696,1696,1696,1696,0.4751843220168257
1697,1697,1697,1697,0.2549713517615428
1698,1698,1698,1698,0.06210661973140832
1699,1699,1699,1699,0.10574367619364303
1700,1700,1700,1700,0.02415662127683362
1701,1701,1701,1701,0.15743414485790697
1702,1702,1702,1702,0.029935216428885327
1703,1703,1703,1703,0.03422097920464102
1704,1704,1704,1704,0.7182615388132775
1705,1705,1705,1705,0.1114139459910939
1706,1706,1706,1706,0.4651884350703493
1707,1707,1707,1707,0.2658877079496945
1708,1708,1708,1708,0.7037547818159835
1709,1709,1709,1709,0.5689386520678882
1710,1710,1710,1710,0.013747640936574048
1711,1711,1711,1711,0.30985618082707717
1712,1712,1712,1712,0.024132037694896774
1713,1713,1713,1713,0.5052114806427763
1714,1714,1714,1714,0.1075239165808058
1715,1715,1715,1715,0.014730348986020892
1716,1716,1716,1716,0.2842441786340384
1717,1717,1717,1717,0.014781999966627046
1718,1718,1718,1718,0.012772879551634957
1719,1719,1719,1719,0.29164731636789554
1720,1720,1720,1720,0.008780300403828696
1721,1721,1721,1721,0.6427581633497679
1722,1722,1722,1722,0.4138004862258626
1723,1723,1723,1723,0.01657234257316492
1724,1724,1724,1724,0.7952838788532686
1725,1725,1725,1725,0.39824127129726367
1726,1726,1726,1726,0.4450422495939569
1727,1727,1727,1727,0.05871771042437213
1728,1728,1728,1728,0.019939653328108306
1729,1729,1729,1729,0.7505061375031784
1730,1730,1730,1730,0.6820049972577915
1731,1731,1731,1731,0.48183492737862044
1732,1732,1732,1732,0.35616736732309046
1733,1733,1733,1733,0.06026394454846737
1734,1734,1734,1734,0.26927887266690004
1735,1735,1735,1735,0.3901876083984754
1736,1736,1736,1736,0.07409371097948962
1737,1737,1737,1737,0.6412273543349586
1738,1738,1738,1738,0.020472873129681685
1739,1739,1739,1739,0.015344608794167528
1740,1740,1740,1740,0.5923689446081067
1741,1741,1741,1741,0.18227372727737645
1742,1742,1742,1742,0.008037196951930494
1743,1743,1743,1743,0.2701441929279357
1744,1744,1744,1744,0.012669492976657383
1745,1745,1745,1745,0.012086890843887222
1746,1746,1746,1746,0.1804673244915993
1747,1747,1747,1747,0.02323370773921962
1748,1748,1748,1748,0.06824303823613147
1749,1749,1749,1749,0.009734738036888414
1750,1750,1750,1750,0.24993837591245532
1751,1751,1751,1751,0.49275178253179214
1752,1752,1752,1752,0.18089116601088615
1753,1753,1753,1753,0.7129313763130799
1754,1754,1754,1754,0.05176806035191115
1755,1755,1755,1755,0.05206159158512413
1756,1756,1756,1756,0.07137224373272916
1757,1757,1757,1757,0.014204964144511405
1758,1758,1758,1758,0.8110411508355142
1759,1759,1759,1759,0.6118848620389827
1760,1760,1760,1760,0.014038236711248578
